Title,Price,Date
The Eminem Show (Vinyl),50.41,2024-07-24
The Eminem Show (Vinyl),50.41,2024-07-24
The Eminem Show (Vinyl),60.46,2024-07-24
The Eminem Show (Vinyl),60.46,2024-07-24
The Eminem Show (Vinyl),60.46,2024-07-24
The Eminem Show (Vinyl),60.46,2024-07-24
The Eminem Show (Vinyl),51.39,2024-07-24
The Eminem Show (Vinyl),60.46,2024-07-24
The Eminem Show (Vinyl),60.46,2024-07-24
The Eminem Show (Vinyl),51.39,2024-07-24
The Eminem Show (Vinyl),60.46,2024-07-24
The Eminem Show (Vinyl),60.46,2024-07-24
The Eminem Show (Vinyl),60.46,2024-07-24
